﻿[
    {
        "build_num": 11,
        "pdf": "/assets/campus_pdf/Mappng2/10-15/10-15-1.png",
        [
            {
                "room_name": "男子WC",
                "room_num": 100
            },
            {
                "room_name": "診療所",
                "room_num": 100
            },
            {
                "room_name": "受付",
                "room_num": 100
            },
            {
                "room_name": "",
                "room_num": 110
            },
            {
                "room_name": "",
                "room_num": 111
            },
            {
                "room_name": "研究室",
                "room_num": 112
            },
            {
                "room_name": "実験室",
                "room_num": 113
            },
            {
                "room_name": "学友会室",
                "room_num": 114
            },
            {
                "room_name": "クラブ控室",
                "room_num":115
            }
        ]
    },
]