﻿[
    {
        "build_num": 11,
        "pdf": "/assets/campus_pdf/Mappng2/10-15/10-15-3.png",
        [
            {
                "room_name": "男子WC",
                "room_num": 200
            },
            {
                "room_name": "会議室",
                "room_num": 317
            },
            {
                "room_name": "クラブ控室",
                "room_num": 316
            },
            {
                "room_name": "クラブ控室",
                "room_num": 315
            },
            {
                "room_name": "クラブ控室",
                "room_num": 314
            },
            {
                "room_name": "クラブ控室",
                "room_num": 313
            },
            {
                "room_name": "クラブ控室",
                "room_num": 312
            },
            {
                "room_name": "クラブ控室",
                "room_num": 311
            },
            {
                "room_name": "クラブ控室",
                "room_num": 310
            },
            {
                "room_name": "クラブ控室",
                "room_num": 309
            },
            {
                "room_name": "委員会室",
                "room_num": 306
            },
            {
                "room_name": "委員会室",
                "room_num": 305
            },
            {
                "room_name": "クラブ控室",
                "room_num": 304
            },
            {
                "room_name": "クラブ控室",
                "room_num": 303
            },
            {
                "room_name": "クラブ控室",
                "room_num": 303
            },
            {
                "room_name": "クラブ控室",
                "room_num": 302
            },
            {
                "room_name": "クラブ控室",
                "room_num": 301
            }
        ]
    },
]