﻿[
    {
        "build_num": 11,
        "pdf": "/assets/campus_pdf/Mappng2/10-15/10-15-4.png",
        [
            {
                "room_name": "男子WC",
                "room_num": 400
            },
            {
                "room_name": "クラブ控室",
                "room_num": 420
            },
            {
                "room_name": "クラブ控室",
                "room_num": 419
            },
            {
                "room_name": "クラブ控室",
                "room_num": 418
            },
            {
                "room_name": "クラブ控室",
                "room_num": 417
            },
            {
                "room_name": "クラブ控室",
                "room_num": 416
            },
            {
                "room_name": "クラブ控室",
                "room_num": 415
            },
            {
                "room_name": "クラブ控室",
                "room_num": 414
            },
            {
                "room_name": "クラブ控室",
                "room_num": 413
            },
            {
                "room_name": "クラブ控室",
                "room_num": 412
            },
            {
                "room_name": "クラブ控室",
                "room_num": 411
            },
            {
                "room_name": "クラブ控室",
                "room_num": 410
            },
            {
                "room_name": "クラブ控室",
                "room_num": 409
            },
            {
                "room_name": "クラブ控室",
                "room_num": 409
            },
            {
                "room_name": "クラブ控室",
                "room_num": 408
            },
            {
                "room_name": "クラブ控室",
                "room_num": 407
            },
            {
                "room_name": "クラブ控室",
                "room_num": 406
            },
            {
                "room_name": "クラブ控室",
                "room_num": 405
            },
            {
                "room_name": "クラブ控室",
                "room_num": 404
            },
            {
                "room_name": "クラブ控室",
                "room_num": 403
            },
            {
                "room_name": "クラブ控室",
                "room_num": 402
            },
            {
                "room_name": "クラブ控室",
                "room_num": 401
            }
        ]
    },
]