﻿[
    {
        "build_num": 12,
        "pdf": "/assets/campus_pdf/Mappng2/10-15/10-15-4.png",
        [
            {
                "room_name": "倉庫",
                "room_num": 403
            },
            {
                "room_name": "倉庫",
                "room_num": 400
            },
            {
                "room_name": "EV",
                "room_num": 400
            },
            {
                "room_name": "AV事務室",
                "room_num": 402
            },
            {
                "room_name": "技術編成室",
                "room_num": 405
            },
            {
                "room_name": "放送室",
                "room_num": 402-1
            },
            {
                "room_name": "イノベーションホール",
                "room_num": 401
            }
        ]
    },
]