﻿[
    {
        "build_num": 7,
        "pdf": "/assets/campus_pdf/Mappng2/07/07-1.png",
        [
            {
                "room_name": "管理室",
                "room_num": 101
            },
            {
                "room_name": "自動販売機",
                "room_num": 100
            },
            {
                "room_name": "プリンター",
                "room_num":100
            },
            {
                "room_name": "自習室",
                "room_num":102
            },
            {
                "room_name": "倉庫",
                "room_num":103-1
            },
            {
                "room_name": "倉庫",
                "room_num":103-2
            },
            {
                "room_name": "男子WC",
                "room_num":100
            },
            {
                "room_name": "女子WC",
                "room_num":100
            },
            {
                "room_name": "ポンプ室",
                "room_num":104
            },
            {
                "room_name": "機械室",
                "room_num":105
            },
            {
                "room_name": "電気室",
                "room_num":106
            },
            {
                "room_name": "実験室",
                "room_num":107
            },
            {
                "room_name": "実験室",
                "room_num":108
            },
            {
                "room_name": "機械室",
                "room_num":109
            },
            {
                "room_name": "実験室",
                "room_num":110
            },
            {
                "room_name": "機械室",
                "room_num":111
            },
            {
                "room_name": "実験室",
                "room_num":112
            },
            {
                "room_name": "実験室",
                "room_num":113
            },
            {
                "room_name": "機械室",
                "room_num":114
            },
            {
                "room_name": "実験室",
                "room_num":115
            },
            {
                "room_name": "機械室",
                "room_num":116
            },
            {
                "room_name": "機械室",
                "room_num":117
            },
            {
                "room_name": "EV",
                "room_num":100
            }
        ]
    },
]