﻿[
    {
        "build_num": 7,
        "pdf": "/assets/campus_pdf/Mappng2/07/07-2.png",
        [
            {
                "room_name": "講義室",
                "room_num":201
            },
            {
                "room_name": "講義室",
                "room_num":202
            },
            {
                "room_name": "講義室",
                "room_num":203
            },
            {
                "room_name": "講義室",
                "room_num":204
            },
            {
                "room_name": "男子WC",
                "room_num":200
            },
            {
                "room_name": "女子WC",
                "room_num":200
            },
            {
                "room_name": "機械室",
                "room_num":205
            },
            {
                "room_name": "機械室",
                "room_num":206
            },
            {
                "room_name": "機械室",
                "room_num":207
            },
            {
                "room_name": "機械室",
                "room_num":208
            },
            {
                "room_name": "実験室",
                "room_num":209
            },
            {
                "room_name": "実験室",
                "room_num":210
            },
            {
                "room_name": "実験室",
                "room_num":211
            },
            {
                "room_name": "実験室",
                "room_num":212
            },
            {
                "room_name": "実験室",
                "room_num":213
            },
            {
                "room_name": "実験室",
                "room_num":214
            },
            {
                "room_name": "実験室",
                "room_num":215
            },
            {
                "room_name": "機械室",
                "room_num":216
            },
            {
                "room_name": "機械室",
                "room_num": 217
            },
            {
                "room_name": "機械室",
                "room_num": 218
            },
            {
                "room_name": "機械室",
                "room_num": 219
            },
            {
                "room_name": "ラウンジ",
                "room_num":200
            },
            {
                "room_name": "EV",
                "room_num":200
            }
        ]
    },
]