﻿[
    {
        "build_num": 8,
        "pdf": "/assets/campus_pdf/Mappng2/08/08-1.png",
        [
            {
                "room_name": "講義室",
                "room_num": 101
            },
            {
                "room_name": "自動販売機",
                "room_num": 100
            },
            {
                "room_name": "プリンター",
                "room_num":100
            },
            {
                "room_name": "準備室",
                "room_num":102
            },
            {
                "room_name": "空調管理室",
                "room_num":103
            },
            {
                "room_name": "男子WC",
                "room_num":100
            },
            {
                "room_name": "女子WC",
                "room_num":100
            },
            {
                "room_name": "講義室",
                "room_num":104
            },
            {
                "room_name": "倉庫",
                "room_num":105
            },
            {
                "room_name": "倉庫",
                "room_num":106
            },
            {
                "room_name": "倉庫",
                "room_num":107
            },
            {
                "room_name": "準備室",
                "room_num":108
            },
            {
                "room_name": "倉庫",
                "room_num": 109
            },
            {
                "room_name": "ラウンジ",
                "room_num":100
            },
            {
                "room_name": "機械室",
                "room_num":100
            },
            {
                "room_name": "EV",
                "room_num":100
            }
        ]
    },
]